Title,Summary,Year
Beyond Binary Edits Robust Multimodal Knowledge Editing with Adversarial Subspace Alignment,"Multimodal large language models (MLLMs) need efficient mechanisms to update knowledge without degrading existing capabilities. While intrinsic multimodal knowledge editing achieves strong reliability and locality, it often exhibits limited generality, failing to propagate edits across semantically equivalent visual and linguistic variations. This issue arises from the lack of explicit semantic su… ▽ More Multimodal large language models (MLLMs) need efficient mechanisms to update knowledge without degrading existing capabilities. While intrinsic multimodal knowledge editing achieves strong reliability and locality, it often exhibits limited generality, failing to propagate edits across semantically equivalent visual and linguistic variations. This issue arises from the lack of explicit semantic supervision, rigid editing scopes, and biased anchoring to individual samples in high-dimensional multimodal spaces. We address robust intrinsic multimodal knowledge editing by explicitly targeting generalization. We formalize robustness through knowledge units that group semantically equivalent multimodal inputs and define generality as consistent predictions within each unit. To expose fragile semantic regions, we introduce Latent Adversarial Robustification (LAR), which generates adversarial yet semantically coherent variants in the joint latent space. We further propose Rank-Constrained Subspace Learning (RCSL), enforcing low-rank alignment of adversarial representations at the edit layer via a singular value-based objective. Extensive analysis demonstrates the effectiveness of ASAM empirically. △ Less",2026
Agentic Proving for Program Verification,"Agentic systems have recently emerged as state-of-the-art approaches for automated theorem proving in formal mathematics. To assess how far these capabilities extend to program verification, we evaluate Claude Code in an agentic proving framework on CLEVER, a Lean 4 benchmark for verifiable code generation. Our results show that Claude generates arguably valid specifications for 98.8% of problems… ▽ More Agentic systems have recently emerged as state-of-the-art approaches for automated theorem proving in formal mathematics. To assess how far these capabilities extend to program verification, we evaluate Claude Code in an agentic proving framework on CLEVER, a Lean 4 benchmark for verifiable code generation. Our results show that Claude generates arguably valid specifications for 98.8% of problems (with 81.3% also accepted by CLEVER's isomorphism-based scoring on the correct portion of the benchmark), certifies implementations against correct ground-truth specifications for 87.5% of problems, and reaches a 98.1% success rate on the end-to-end program generation and verification pipeline over entries with self-consistent premises. Across all stages, Claude further provides high-quality feedback on its own attempts (as confirmed under manual review), identifying underlying causes of failure and lingering bugs in the dataset. These findings highlight a growing mismatch between the difficulty of existing program verification benchmarks and the capabilities of modern agentic provers, and point to the need for more rigorous, bug-resilient evaluation methodologies, and in particular for alternatives to isomorphism-based scoring of generated specifications. More broadly, our results provide empirical evidence that tight compiler-in-the-loop agentic paradigms are currently the most effective approach for foundational program verification. △ Less",2026
PhotoFlow: Agentic 3D Virtual Photography Missions,"Virtual photography asks an agent to enter a prepared 3D scene with no preselected camera pose or reference image, infer a suitable shot from scene information and a language intent, choose executable camera parameters, and render the final photograph. Recent progress in vision-language models makes this kind of spatial agent increasingly plausible, but the task stresses two capabilities that rema… ▽ More Virtual photography asks an agent to enter a prepared 3D scene with no preselected camera pose or reference image, infer a suitable shot from scene information and a language intent, choose executable camera parameters, and render the final photograph. Recent progress in vision-language models makes this kind of spatial agent increasingly plausible, but the task stresses two capabilities that remain hard to evaluate together: complex 3D spatial understanding and abstract aesthetic judgment. We introduce PhotoFlow, a Director-Reviewer-Reflector agent for closed-loop camera search. The Director builds a soft photographic blueprint and proposes diverse candidate cameras; the Reviewer combines rule checks, visual critique, and pairwise incumbent selection; and the Reflector converts failures into region memory, dead-zone suppression, and high-explore relocation. We also introduce VPhotoBench, a benchmark of 47 open-license Blender scenes and 141 language-conditioned photography missions spanning subject placement, relational composition, and atmosphere/style. On held-out experiments, PhotoFlow achieves the strongest external quality-alignment composite and success rate among one-shot prediction, single-chain reflection, anchor-bank selection, and random search under a six-round rendering budget. To our knowledge, this is the first work to make language-conditioned virtual photography in arbitrary Blender scenes an executable agent task, and our results show that an LLM-centered spatial agent can already produce strong photographs in a setting designed to challenge both 3D reasoning and aesthetic choice. △ Less",2026
Revitalizing Dense Material Segmentation: Stabilized Vision Transformers and the Generalization Paradox,"…we demonstrate that material perception is far from solved and urge the community to leverage the rigorous original split to drive genuine progress in physically grounded artificial intelligence. ▽ More Material segmentation, the pixel-wise classification of physical surface properties, remains a challenging problem in computer vision, requiring physicochemical understanding distinct from object-centric parsing. Despite the introduction of the rigorous Apple Dense Material Segmentation (DMS) dataset, the benchmark has suffered from attrition and stagnation, increasingly overshadowed by geometry-biased foundation models. In this paper, we revive the Apple-DMS benchmark to establish a modern Vision Transformer baseline. We conduct an exhaustive evaluation of SegFormer and Mask2Former architectures, revealing that standard training paradigms fail on amorphous texture fields due to high-variance gradients. To address this, we introduce a stabilized training recipe featuring High-Fidelity Logit Projection, Query Entropy Regularization, and a domain-specific, physics-compliant augmentation pipeline. Our optimized SegFormer-B5 achieves a new State-of-the-Art (SOTA) of 0.4572 mIoU on the original dataset split, significantly surpassing the prior convolutional baseline. Furthermore, we identify a critical ""Generalization Paradox"": while re-partitioning the dataset into a data-rich 80/10/10 split inflates the metric to 0.5276 mIoU, expert qualitative analysis reveals this induces distributional homogenization, severely degrading real-world, out-of-distribution performance. By releasing our recovered dataset index and robust training framework, we demonstrate that material perception is far from solved and urge the community to leverage the rigorous original split to drive genuine progress in physically grounded artificial intelligence. △ Less",2026
Any2Any: Efficient Cross-Embodiment Transfer for Humanoid Whole-Body Tracking,"Whole-body tracking (WBT) models have become a key foundation for humanoid robots, enabling them to imitate diverse motions with high fidelity. Training such models from scratch requires large-scale data and computation, making rapid deployment on new humanoid platforms costly. This raises a natural question: Can pretrained WBT models transfer across embodiments with minimal adaptation? To answer… ▽ More Whole-body tracking (WBT) models have become a key foundation for humanoid robots, enabling them to imitate diverse motions with high fidelity. Training such models from scratch requires large-scale data and computation, making rapid deployment on new humanoid platforms costly. This raises a natural question: Can pretrained WBT models transfer across embodiments with minimal adaptation? To answer this question, we propose Any2Any, a paradigm that efficiently transfers an existing WBT specialist to a new humanoid embodiment with only a small amount of data and compute. Any2Any first performs kinematic alignment between source and target humanoids, aligning their input and output spaces so that the pretrained source policy can be meaningfully reused on the target embodiment.Any2Any then performs dynamics adaptation by applying lightweight parameter-efficient fine-tuning (PEFT) components to selected dynamics-sensitive modules, preserving useful behavioral priors while enabling targeted adaptation to the target robot. Extensive experiments on multiple humanoid platforms and pretrained backbones show that Any2Any substantially accelerates convergence and reduces training cost compared with training from scratch, while achieving competitive or superior tracking performance. Notably, using only 1% of the compute and data required for full training, Any2Any successfully transfers Sonic models pre-trained on Unitree G1 to LimX Oli and LimX Luna. These results suggest that pretrained WBT specialists can be efficiently reused across embodiments, providing a scalable path toward deploying humanoid whole-body control on new robots. △ Less",2026
MemAudit: Post-hoc Auditing of Poisoned Agent Memory via Causal Attribution and Structural Anomaly Detection,"Large language model agents increasingly rely on persistent memory to store past interactions, retrieve relevant demonstrations, and improve long-horizon task execution. However, this memory mechanism also creates a practical security vulnerability: an adversarial user may inject malicious records into the agent's memory through ordinary interaction, and these records can later be retrieved to ste… ▽ More Large language model agents increasingly rely on persistent memory to store past interactions, retrieve relevant demonstrations, and improve long-horizon task execution. However, this memory mechanism also creates a practical security vulnerability: an adversarial user may inject malicious records into the agent's memory through ordinary interaction, and these records can later be retrieved to steer the agent's reasoning and actions. Existing defenses primarily focus on online intervention, such as prompt filtering or output blocking, but they do not address the post-hoc question of which stored memories are responsible after harmful behavior has already been observed. We propose \textbf{MemAudit}, a post-hoc causal memory auditing framework for memory-augmented LLM agents. The framework combines two complementary signals: (1) a counterfactual memory influence score that measures each memory's causal contribution to harmful outputs, and (2) a memory consistency graph that identifies structurally anomalous memories within the broader memory store. We evaluate MemAudit against MINJA, a query-only memory injection attack in which malicious records are generated and stored through normal agent interactions rather than direct memory-bank modification. Across both QA and reasoning-agent settings, MemAudit substantially reduces attack success rates under realistic post-hoc auditing scenarios. The results show that QA attack success is reduced from $70\%$ to $0\%$, while RAP attack success drops from $83.3\%$ to $0\%$. △ Less",2026
Weierstrass Positional Encoding for Vision Transformers,"Vision Transformers have achieved remarkable success in computer vision, but their common use of learnable one-dimensional positional encodings weakens the inherent two-dimensional spatial structure of images after patch flattening. Existing positional encodings often lack geometric constraints and do not preserve a monotonic relationship between Euclidean spatial distances and sequential index di… ▽ More Vision Transformers have achieved remarkable success in computer vision, but their common use of learnable one-dimensional positional encodings weakens the inherent two-dimensional spatial structure of images after patch flattening. Existing positional encodings often lack geometric constraints and do not preserve a monotonic relationship between Euclidean spatial distances and sequential index distances, limiting ViTs' ability to exploit spatial proximity priors. Motivated by the usefulness of periodicity in positional encoding, we propose Weierstrass elliptic Positional Encoding (WePE), a mathematically grounded method for encoding two-dimensional coordinates in the complex domain. WePE maps normalized 2D patch coordinates onto the complex plane and constructs compact four-dimensional positional features using the Weierstrass elliptic function and its derivative. The double periodicity provides a principled representation of 2D positions, and its intrinsic lattice structure naturally matches the regular geometry of image patch grids. Its nonlinear geometric properties help model spatial distance relationships more faithfully, while the algebraic addition formula enables relative positional information between arbitrary patch pairs to be derived directly from their absolute encodings. WePE is plug-and-play and resolution-agnostic, allowing seamless integration into existing ViTs. Extensive experiments show that WePE brings consistent performance gains in most settings. With precomputed lookup tables, these improvements introduce no noticeable computational or memory overhead. Additional analyses and ablation studies further validate the effectiveness of the proposed method. △ Less",2026
OnePred: Next-Query Prediction via Recursive Intent Memory in Multi-Turn Conversations,"Although large language model (LLM) conversational systems process millions of multi-turn dialogues daily, they remain fundamentally reactive: they respond only after the user types a query. A key step toward proactive interaction is next-query prediction, which anticipates the user's subsequent query based solely on the preceding dialogue. Progress on this task is hindered by the lack of dedicate… ▽ More Although large language model (LLM) conversational systems process millions of multi-turn dialogues daily, they remain fundamentally reactive: they respond only after the user types a query. A key step toward proactive interaction is next-query prediction, which anticipates the user's subsequent query based solely on the preceding dialogue. Progress on this task is hindered by the lack of dedicated benchmarks and a fundamental efficiency--quality trade-off: naively concatenating full dialogue history incurs linearly growing token consumption, while truncating to the latest turn discards crucial cross-turn context. Our key insight is that accurate prediction does not require re-reading raw history; it suffices to track the user's evolving intent trajectory across topics, unresolved needs, and interest shifts. We propose OnePred, which maintains a recursively updated memory as its sole cross-turn context, bounding the per-turn cost independently of conversation length. We train the model via a two-stage reinforcement learning pipeline that first teaches what to predict, then what to compress, shaping the memory into a prediction-oriented intent chain. To establish a rigorous testbed, we introduce NQP-Bench, spanning three diverse subsets. Experiments demonstrate that OnePred reduces per-turn token consumption by up to 22$\times$ compared to full-history inputs while consistently exceeding all baselines in prediction quality, with larger gains on longer conversations. Our code is publicly available at https://github.com/ZBWpro/OnePred. △ Less",2026
A note on closed-form solutions for estimating sample size when externally validating a binary prediction model based on $C$-statistic precision,"…in R and Stata software via an iterative computational approach. We present seven novel closed-form solutions, derived using different computer algebra systems and artificial intelligence models, to the algebraic rearrangement of Newcombe's formula. We present these distinct forms to demonstrate how different compu… ▽ More External validation of clinical prediction models is crucial for assessing whether they are fit for use. The $C$-statistic is a widely used measure of discriminative performance of such models predicting a binary outcome. A method for obtaining the minimum sample size required for the precise estimation of the $C$-statistic during validation, based on the rearrangement of Newcombe's formula for the standard error of the $C$-statistic {SE($C$)}, was recently proposed and implemented in R and Stata software via an iterative computational approach. We present seven novel closed-form solutions, derived using different computer algebra systems and artificial intelligence models, to the algebraic rearrangement of Newcombe's formula. We present these distinct forms to demonstrate how different computational tools yield structurally distinct but mathematically equivalent solutions, and to evaluate their practical differences in computational performance. Our closed-form solutions yield identical sample size estimates to the iterative method when applied to illustrative examples. In a benchmarking analysis, the closed-form solutions were on average 148,000 to 264,000 times faster in median execution time than the current iterative implementation, while also exhibiting minor efficiency differences among themselves. This work provides a validated, highly efficient computational tool applicable to sample size calculation for external validation studies. R code functions implementing the closed-form solutions are provided. △ Less",2026
CVSearch: Empowering Multimodal LLMs with Cognitive Visual Search for High-Resolution Image Perception,"High-resolution (HR) image perception presents a key bottleneck for multimodal large language models (MLLMs). While visual search offers a promising solution, existing methods struggle with the trade-off between coverage and efficiency. Visual expert-assisted search is efficient but prone to blind spots when proposals fail, whereas scan-based search guarantees coverage at the cost of computational… ▽ More High-resolution (HR) image perception presents a key bottleneck for multimodal large language models (MLLMs). While visual search offers a promising solution, existing methods struggle with the trade-off between coverage and efficiency. Visual expert-assisted search is efficient but prone to blind spots when proposals fail, whereas scan-based search guarantees coverage at the cost of computational redundancy and semantic fragmentation. To address this dilemma, we introduce CVSearch, a training-free adaptive framework that dynamically schedules search strategies via an Assess-then-Search workflow. Specifically, CVSearch first invokes expert-assisted search when global information is insufficient, and only triggers a novel semantic-aware scanning mechanism upon failure. Distinct from rigid grid partitioning, this efficient scanning paradigm incorporates Semantic Guided Adaptive Patching to decompose images into semantically consistent regions, effectively mitigating object fragmentation. Furthermore, we devise a Dynamic Bottom-Up Search strategy driven by a Visual Complexity prior to enable efficient and precise iterative exploration of local details. Extensive experiments on HR benchmarks demonstrate that CVSearch achieves state-of-the-art accuracy while substantially improving search efficiency. Code is released at https://github.com/liliupeng28/ICML26-CVSearch. △ Less",2026
"One Policy, Infinite NPCs: Persona-Traceable Shared RL Policies for Scalable Game Agents","On a 300-persona life-simulation benchmark, pcsp achieves compositional zero-shot persona identification up to 17x above chance, Spearman rho approx 0.73 semantic-behavioral alignment, and 22x faster inference than an LLM-as-policy baseline. Life simulation games require hundreds to thousands of non-player characters (NPCs) that behave consistently with distinct personalities while remaining contr… ▽ More On a 300-persona life-simulation benchmark, pcsp achieves compositional zero-shot persona identification up to 17x above chance, Spearman rho approx 0.73 semantic-behavioral alignment, and 22x faster inference than an LLM-as-policy baseline. Life simulation games require hundreds to thousands of non-player characters (NPCs) that behave consistently with distinct personalities while remaining controllable through designer-authored natural language. Existing methods fail on constraints like persona consistency, controllability, or real-time inference. We introduce pcsp (Persona Conditioned Shared Policy), a single reinforcement learning policy conditioned on frozen LLM embeddings of free-form persona descriptions. pcsp combines once-per-NPC persona encoding, low-rank persona projection, neural persona conditioning, and a PPO + InfoNCE consistency + KL diversity training objective. Across three experimental settings, ablations show that the InfoNCE trajectory-consistency objective is load bearing: removing it collapses zero-shot persona identification to chance. External validation on Melting Pot 2.4.0 substrates confirms that our method produces persona-conditioned behavioral divergence in multi-agent strategic environments. We distinguish two senses of held-out evaluation: compositional zero-shot and vocabulary-expansion held-out. Finally, a UE5 deployment reproduces the in-engine persona-conditioning ablation at 64 agents with a low failure rate, showing that the sub-frame inference profile survives in a commercial game engine. These results prove that shared RL policies can support scalable, real-time, persona-conditioned NPC control. △ Less",2026
Diffusion Fluid Antenna Systems for Resilient ISAC,"…(DoF) that can reshape sensing signatures via port selection, beyond what waveform and power control alone can provide. In this paper, we devise diffusion FAS, a generative artificial intelligence (AI)-driven framework that exploits spatial agility to steer ISAC performance over the electromagnetic fading manifold. Ins… ▽ More Most existing integrated sensing and communication (ISAC) studies focus on enabling a base station (BS) to support sensing and communication over shared resources through advanced waveform design and power allocation. In contrast, the object-side perspective remains underexplored. For example, an object may wish to remain difficult to detect for security reasons, while another object in close proximity may generate dominant reflections that confuse the BS and impair sensing reliability for the intended target. These challenges motivate the fluid antenna system (FAS) paradigm which introduces a reconfigurable spatial degree of freedom (DoF) that can reshape sensing signatures via port selection, beyond what waveform and power control alone can provide. In this paper, we devise diffusion FAS, a generative artificial intelligence (AI)-driven framework that exploits spatial agility to steer ISAC performance over the electromagnetic fading manifold. Instead of optimizing ISAC solely in the power domain, diffusion FAS casts ISAC as a \emph{dynamic spatial selection} problem in which antenna states (i.e., ports) are chosen to shape sensing signatures while maintaining communication objectives. To work under sparse measurements, we employ a conditional denoising diffusion probabilistic model (DDPM) to reconstruct the latent spatial correlation structure from a small set of observed ports, enabling efficient exploration of the reconfigurable aperture. We demonstrate two FAS-enabled ISAC modes: (1) \emph{generative spatial stealth}, which identifies localized deep fades to suppress a target's sensing visibility by up to two orders of magnitude, and (2) \emph{target isolation}, which synthesizes spatial nulls that reject interference from adjacent objects. △ Less",2026
Learning Through Noise: Why Subliminal Learning Works and When It Fails,"In the context of artificial neural networks, subliminal learning refers to the transfer of task-relevant knowledge or unintended biases from teacher to student models through distillation on task-unrelated input$\unicode{x2013}$output pairs. Prior explanations tie this effect to shared or closely matched teacher$\unicode{x2013}$student initialization. We sh… ▽ More In the context of artificial neural networks, subliminal learning refers to the transfer of task-relevant knowledge or unintended biases from teacher to student models through distillation on task-unrelated input$\unicode{x2013}$output pairs. Prior explanations tie this effect to shared or closely matched teacher$\unicode{x2013}$student initialization. We show that a closely matched initialization is not necessary. Instead, subliminal learning is governed by compatible output heads. Using a controlled MNIST setting, we split outputs into an auxiliary head (for auxiliary, task-unrelated noise signals) and a class head (for classification) to demonstrate subliminal learning occurs$\unicode{x2014}$even when we randomly initialize hidden layers and remove layers, add new layers, or change the architecture (MLP-to-CNN). Compatible auxiliary heads enable transfer of a recoverable teacher signal, bringing the student's representations closer to the teacher's. When the class heads remain compatible as well, students trained only on task-unrelated noise can approach, and in favorable regimes match, teacher-level task performance. Our setting enables us to develop a theory that explains the mechanism of subliminal learning and to derive upper bounds on when subliminal learning fails. Together, our results turn subliminal learning from a surprising transfer effect into a theoretically grounded mechanism with predictable limits. △ Less",2026
DualMem: Bypassing the Objectness Bottleneck for Calibrated Unknown-Stream Filtering in Open-World Object Detection,"Open-world object detection (OWOD) requires detectors to localize known classes while identifying unknown objects for future incremental learning. We find that the unknown prediction streams of strong OWOD detectors are heavily polluted: on M-OWODB, across PROB, OW-DETR, and HypOW, future-task positive unknowns make up less than 10% of unknown predictions, whereas background false positives accoun… ▽ More Open-world object detection (OWOD) requires detectors to localize known classes while identifying unknown objects for future incremental learning. We find that the unknown prediction streams of strong OWOD detectors are heavily polluted: on M-OWODB, across PROB, OW-DETR, and HypOW, future-task positive unknowns make up less than 10% of unknown predictions, whereas background false positives account for 46-71%. We show that this is not a missing-information problem, but an information bottleneck at the objectness head. On PROB Task 1, a linear probe on the 256-D decoder query achieves an AUROC of 0.908 for positive-versus-negative unknown discrimination, but the final one-dimensional objectness scalar drops to 0.642. A frozen SigLIP feature, without access to the detector, independently recovers much of this proposal-level separability at the filtering stage (AUROC = 0.871). Motivated by this finding, we propose DualMem, a calibrated post-hoc filter that assumes a small image-disjoint annotated calibration split of held-out future-task objects and performs a non-parametric likelihood ratio test in frozen SigLIP feature space. DualMem uses a k-nearest-neighbor positive memory to protect future-task objects and a negative memory to suppress background-like proposals. Its decision threshold is chosen by Neyman-Pearson calibration, giving users an explicit trade-off between false-unknown suppression and novel recall. Across PROB, OW-DETR, and HypOW on M-OWODB Task 1, DualMem reduces background-type false unknown proposals per image by 44.9%-66.3%, with a mean reduction of 56.6%. On PROB Task 1, it more than doubles the reduction achieved by a natural K-means prototype baseline, while leaving known-class mAP unchanged because known detections bypass the filter. △ Less",2026
Adversarial Vulnerability Under Temporal Concept Drift: A Longitudinal Study of Android Malware Detection,"…robustness loss under continued distributional evolution. These findings indicate that temporal drift should be considered when assessing the long-term robustness of intelligent detection systems under evolving data distributions and highlight the need for drift-aware robustness assessment frameworks in long-lived adversarial environments. ▽ More We present a longitudinal, drift-aware evaluation of adversarial robustness across more than a decade of Android applications using static and dynamic feature representations extracted from emulator and real-device executions. The dataset is organized into yearly slices and evaluated under three deployment protocols that emulate realistic learning scenarios: (1) same-year training and testing, (2) cross-year deployment without model updates, and (3) expanding-window retraining with cumulative historical data. Across multiple classifier families, adversarial examples are generated using FGSM and SPSA under feasibility constraints. We measure clean performance, Adversarial Accuracy (AA), Attack Success Rate (ASR), and introduce temporal linkage metrics -- RobustDrop, $Δ$ASR, and Adversarial Amplification Factor (AAF) -- to quantify the relationship between distribution shift and robustness degradation.nResults show that temporal separation is associated with reduced adversarial robustness under the evaluated transfer-based feature-space setting. As the train-test gap increases, clean accuracy and adversarial accuracy decline, while attack success exhibits configuration-dependent increases, particularly under FGSM perturbations and static features. Expanding-window retraining mitigates, but does not eliminate, robustness loss under continued distributional evolution. These findings indicate that temporal drift should be considered when assessing the long-term robustness of intelligent detection systems under evolving data distributions and highlight the need for drift-aware robustness assessment frameworks in long-lived adversarial environments. △ Less",2026
EM-Vid: Training-Free Entity-Centric Memory for Efficient and Consistent Multi-Shot Video Generation,"Multi-shot video generation requires maintaining a consistent appearance of recurring entities across shots while remaining faithful to shot-specific text prompts. Recent autoregressive methods reuse previously generated frames as memory. However, full-frame storage entangles persistent entity information with transient scene context, leading to irrelevant information leakage and high computationa… ▽ More Multi-shot video generation requires maintaining a consistent appearance of recurring entities across shots while remaining faithful to shot-specific text prompts. Recent autoregressive methods reuse previously generated frames as memory. However, full-frame storage entangles persistent entity information with transient scene context, leading to irrelevant information leakage and high computational cost. We propose an entity-centric memory in the form of an entity-indexed bank of latent patches. We introduce sparse token conditioning compatible with pretrained models, restricting self-attention to entity-relevant tokens and reducing computational cost. To support this, we introduce a structured multi-shot script format. We additionally propose a budgeted memory update strategy to maintain a compact, evolving memory. Finally, we equip the entity representation with a noise-injection mechanism that enables fine-grained appearance control, preventing leakage of irrelevant information. Our method improves prompt adherence and efficiency while preserving subject consistency. △ Less",2026
DiLaDiff: Distilled Latent-Augmented Diffusion for Language Modeling,"Diffusion language models intrinsically fail to capture correlations between decoded tokens, which leads to a harsh trade-off between sampling quality and throughput. To solve this issue, we propose DiLaDiff, a variant of masked diffusion language models with three components: (1) a continuous latent space with semantic capabilities, learned by an auto-encoder fine-tuned from an existing masked di… ▽ More Diffusion language models intrinsically fail to capture correlations between decoded tokens, which leads to a harsh trade-off between sampling quality and throughput. To solve this issue, we propose DiLaDiff, a variant of masked diffusion language models with three components: (1) a continuous latent space with semantic capabilities, learned by an auto-encoder fine-tuned from an existing masked diffusion language model; (2) a latent diffusion model learning the prior over the encoder distribution; (3) a consistency model distilling the learned prior into a few-step latent generative model. We show that, even without distillation, our latent-guided diffusion model outperforms the masked diffusion baseline while significantly accelerating inference. Consistency distillation further lowers the computational overhead of continuous diffusion, such that the latent is generated in negligible time compared to discrete decoding. △ Less",2026
Preisach Attention: A Hysteretic Model of Sequential Memory,"We introduce the Preisach Attention Layer (PAL), a novel sequence modelling architecture grounded in the classical Preisach hysteresis operator from mathematical physics. PAL replaces the softmax attention mechanism with a binary relay operator parameterised by learned activation and deactivation thresholds, maintaining a stack of local extrema as its internal state. A single-layer PAL-Transformer… ▽ More We introduce the Preisach Attention Layer (PAL), a novel sequence modelling architecture grounded in the classical Preisach hysteresis operator from mathematical physics. PAL replaces the softmax attention mechanism with a binary relay operator parameterised by learned activation and deactivation thresholds, maintaining a stack of local extrema as its internal state. A single-layer PAL-Transformer with O(1) depth is Turing-complete under arbitrary precision arithmetic, achievable through simulation of a two-stack pushdown automaton -- in contrast to the O(log n) depth required by standard hard-attention transformers. Second, we prove that the function classes computable by PAL and by the transformer are incomparable: PAL computes historical range statistics in O(1) layers that require O(log n) layers for transformers, while transformers support random-access retrieval that PAL cannot perform without auxiliary state. The separating property is rate-independence -- PAL responds only to the sequence of local extrema, not to absolute token positions or temporal spacing. Third, we show that the extremum stack constitutes a minimal sufficient statistic of the input history for all rate-independent functionals, providing a formal analogue of the wiping property in classical hysteresis theory. PAL is thus an efficient architecture for tasks with long episodic memory and weak positional dependence, with O(n log n) total inference cost versus O(n^2) for standard attention. △ Less",2026
Cost-Effective Model Evaluation with Meta-Learning,"The rapid growth of machine learning has produced an ever-expanding ecosystem of models, making it increasingly challenging to verify the reliability of newly released models on unseen, unlabeled data. Conventional evaluation pipelines depend on expensive annotation, repeated fine-tuning, or narrow assumptions that fail to transfer across model families. We present MetaEvaluator, a cost-effective,… ▽ More The rapid growth of machine learning has produced an ever-expanding ecosystem of models, making it increasingly challenging to verify the reliability of newly released models on unseen, unlabeled data. Conventional evaluation pipelines depend on expensive annotation, repeated fine-tuning, or narrow assumptions that fail to transfer across model families. We present MetaEvaluator, a cost-effective, model-agnostic framework for rapid, label-free assessment of unseen models spanning diverse architectures and modalities. MetaEvaluator leverages meta-learning over a pool of reference models to obtain a transferable initialization, enabling accurate evaluation of new models while amortizing cost across the pool and removing the need for per-model retraining. To the best of our knowledge, this is the first model-agnostic framework capable of evaluating new models on entirely unlabeled datasets. Extensive experiments show that MetaEvaluator produces stable and accurate performance estimates at substantially reduced cost compared to conventional approaches, making scalable benchmarking of emerging models on unlabeled data practical. △ Less",2026
Solving the Aircraft Disassembly Scheduling Problem,"Dismantling aircrafts reaching their end of life is a complex endeavour that is necessary in terms of sustainability but yields small income margins for air transport companies. An efficient scheduling of the disassembly procedure is thus crucial to ensure the profitability of the process and incentivize practice. This is a large scheduling problem that involves thousands of tasks and many differe… ▽ More Dismantling aircrafts reaching their end of life is a complex endeavour that is necessary in terms of sustainability but yields small income margins for air transport companies. An efficient scheduling of the disassembly procedure is thus crucial to ensure the profitability of the process and incentivize practice. This is a large scheduling problem that involves thousands of tasks and many different constraints: Extracting parts that are destined to be reused requires technicians with specific certifications and equipment. Extraction operations might be subject to precedence relations. Furthermore, the aircraft must be kept balanced during the whole process. Finally, some of the locations of the aircraft have a limited space that caps the number of technicians able to work there concurrently. This article presents the problem in details and proposes two approaches to solve the problem: a Constraint Programming model and a MIP model. The models are tested on instances of varying sizes involving up to 1450 tasks, which are based on real operational data provided by an industrial partner. △ Less",2026
Co-ReAct: Rubrics as Step-Level Collaborators for ReAct Agents,"ReAct-style agents for search-intensive, multi-step reasoning tasks rely largely on their own internal judgment to decide what evidence to seek, which reasoning or action step to take next, and when to stop, often producing shallow, redundant, or poorly targeted trajectories. Prior work has explored rubrics as external quality signals, but existing uses are mostly evaluative rather than action-gui… ▽ More ReAct-style agents for search-intensive, multi-step reasoning tasks rely largely on their own internal judgment to decide what evidence to seek, which reasoning or action step to take next, and when to stop, often producing shallow, redundant, or poorly targeted trajectories. Prior work has explored rubrics as external quality signals, but existing uses are mostly evaluative rather than action-guiding: rubrics typically serve as training-time rewards or post-hoc evaluators of completed outputs, and in deep-research settings they are often coarse-grained and report-level rather than step-level. We introduce Co-ReAct, a rubric-guided action-selection framework that uses rubrics as step-level guidance during inference. At each decision step, Co-ReAct injects a rubric into the agent's context to guide the next Reason-or-Act decision, specifying what the agent should target in evidence seeking, search, reasoning, or self-evaluation. To make this guidance reliable, we train a dedicated rubric generator with GRPO. Unlike prior pairwise or binary preference formulations, our objective optimizes a list-wise Spearman rank-correlation reward against multi-judge expert consensus rankings, encouraging rubrics that are discriminative rather than merely plausible. On DeepResearchBench and SQA-CS-V2, Co-ReAct consistently improves over ReAct and representative test-time compute baselines across search agents built on both 8B/14B open-source and frontier closed-source base models. The trained rubric generator can also serve as a drop-in component that improves these baselines without changing their underlying decision mechanisms. Our code is publicly available at https://github.com/ZBWpro/Co-ReAct. △ Less",2026
HARNESS-LM: A Three-Phase Training Recipe for Harnessing SLMs in Sponsored Search Retrieval,"In the competitive landscape of sponsored search, balancing retrieval quality with production latency is a critical challenge. While large retrieval models based on Small Language Models (SLMs) such as Qwen3-Embedding-4B/8B set strong upper bounds on public benchmarks, their deployment in high-throughput, latency-sensitive environments remains impractical. In this paper, we present HARNESS-LM (HLM… ▽ More In the competitive landscape of sponsored search, balancing retrieval quality with production latency is a critical challenge. While large retrieval models based on Small Language Models (SLMs) such as Qwen3-Embedding-4B/8B set strong upper bounds on public benchmarks, their deployment in high-throughput, latency-sensitive environments remains impractical. In this paper, we present HARNESS-LM (HLM), a three-phase training framework for transferring the capabilities of large-scale retrievers into compact, cost-efficient models. The approach comprises: (1) training a high-performance reference (""teacher"") retriever by fine-tuning a billion-parameter-scale SLM; (2) aligning query representations via an L2 objective to distill knowledge into a sub-600M parameter student encoder; and (3) applying a final contrastive refinement stage to optimize the student for retrieval performance. We also present a comprehensive empirical study of key design choices, including alignment objectives, embedding dimensionality, model scale, architecture, and optimization strategies, to identify configurations that are most effective in production settings. On a real-world Bing Ads evaluation benchmark, HLM recovers over 98% of the reference retriever's precision across multiple settings, while delivering up to 27x lower online query-encoder latency and 20x higher throughput on NVIDIA A100 GPUs. Online A/B testing on Bing Ads further shows a +1% Revenue, +0.6% Impression, and +0.4% Click uplift over the current ensemble of retrievers running in production with the deployed 190M parameter model, clearly highlighting the practical efficacy of the HLM recipe in a real-world sponsored search setting. △ Less",2026
CP or DP? Why Not Both: A Case Study in the Partial Shop Scheduling Problem,"Dynamic Programming (DP) and Constraint Programming (CP) are well-established paradigms for solving combinatorial optimization problems. Usually, these two approaches are used separately. This paper aims to show that the two can be combined effectively and elegantly, with DP serving as the primary search framework and CP used as a subroutine to leverage global constraint propagation. This paper pr… ▽ More Dynamic Programming (DP) and Constraint Programming (CP) are well-established paradigms for solving combinatorial optimization problems. Usually, these two approaches are used separately. This paper aims to show that the two can be combined effectively and elegantly, with DP serving as the primary search framework and CP used as a subroutine to leverage global constraint propagation. This paper presents such an approach for the Partial Shop Scheduling Problem (PSSP), for which a pure DP method has previously been proposed, and efficient CP filtering algorithms are available. The PSSP is a general scheduling problem where each job consists of a set of operations with arbitrary precedence constraints. The approach is flexible enough to accommodate anytime DP strategies, such as anytime column search, whereas the original DP algorithm operated in a strictly layer-wise manner. Moreover, the flexibility of the CP modeling makes it straightforward to incorporate arbitrary precedence constraints. As a result, the model naturally handles any precedence graph and even enables the design of a Large Neighborhood Search (LNS) scheme, in which the DP model is reused, and partial-order schedules are imposed across restarts to improve the incumbent solution. While not competitive with state-of-the-art pure CP solvers for this specific problem, our primary contribution is demonstrating the viability of this hybrid integration. △ Less",2026
Understanding Goal Generalisation in Sequential Reinforcement Learning,"Reinforcement learning agents often exhibit unintended goal-directed behaviour outside their training distribution, but we currently lack a principled understanding of how such agents will generalise to novel environments based on their training history. We address this gap for agents trained sequentially on one or more tasks. We study over 100 sequential training pipelines, evaluating behaviour a… ▽ More Reinforcement learning agents often exhibit unintended goal-directed behaviour outside their training distribution, but we currently lack a principled understanding of how such agents will generalise to novel environments based on their training history. We address this gap for agents trained sequentially on one or more tasks. We study over 100 sequential training pipelines, evaluating behaviour across over 250 out-of-distribution environments. We find that salient features drive generalisation, and that goals learnt early in training can persist and influence those acquired later. To explain these phenomena, we introduce latent policy gradients, a method that predicts what out-of-distribution behaviour a training pipeline will likely induce. Our method simulates the evolution of low-dimensional latent variables during training according to what would achieve high reward on the training objective with respect to a simple model of how the latent variables map to behaviour. It achieves strong predictive accuracy, generalises to unseen types of training pipeline, and is interpretable. Our findings demonstrate that while out-of-distribution RL agent behaviour is dependent on the whole training pipeline, this dependence has an underlying structure we can capture, laying groundwork for understanding goal generalisation from a developmental perspective. △ Less",2026
ARMS: Automatic Reward Shaping for Sparse-Reward Multi-Agent Reinforcement Learning,"Sparse rewards are a major bottleneck in multi-agent reinforcement learning (MARL), where simultaneous learning induces non-stationarity and makes reward design especially delicate. Reward shaping can accelerate learning, but in the multi-agent setting it must preserve the strategic structure of the problem rather than merely improve short-term optimization. We propose Automatic Reward-shaping in… ▽ More Sparse rewards are a major bottleneck in multi-agent reinforcement learning (MARL), where simultaneous learning induces non-stationarity and makes reward design especially delicate. Reward shaping can accelerate learning, but in the multi-agent setting it must preserve the strategic structure of the problem rather than merely improve short-term optimization. We propose Automatic Reward-shaping in Multi-agent Systems (ARMS), a self-supervised reward shaping framework for MARL that learns dense shaping signals from sparse environmental rewards through trajectory ranking. Since single-agent trajectory-ranking guarantees do not directly transfer to MARL, we reformulate policy invariance through conditional best-response reasoning, and show that if certain conditions hold, then using shaping rewards preserves each agent's best-response set under fixed opponent policies, and consequently preserve the set of Nash equilibria. Guided by this perspective, ARMS alternates between policy learning and reward learning while sharing shaping parameters across agents for efficiency. Experiments in a partially observable multi-agent pathfinding domain show that ARMS improves sampling efficiency under increasing reward sparsity and agent count, generalizes to unseen environments, and reveals a MARL-specific failure mode in which limited exploration and coupled policy--reward dynamics induce oscillatory behavior. Increasing exploration mitigates this effect and stabilizes learning. To the best of our knowledge, ARMS is the first automatic reward shaping framework for MARL whose design is motivated by a game-theoretic equilibrium-preservation result. △ Less",2026
PathNavigate: A Training-Free Pathology Agent with Surprise-Guided Scan and Shared Slide Memory for Whole-Slide Image VQA,"Whole-slide image visual question answering (WSI-VQA) frames pathology as an extreme-context search problem: to answer a free-form clinical query, a system must first navigate a gigapixel slide under a strict inspection budget to locate sparse, high-resolution evidence. Existing approaches largely fall into two paradigms: i) supervised pathology multimodal large language models (MLLMs) and agents… ▽ More Whole-slide image visual question answering (WSI-VQA) frames pathology as an extreme-context search problem: to answer a free-form clinical query, a system must first navigate a gigapixel slide under a strict inspection budget to locate sparse, high-resolution evidence. Existing approaches largely fall into two paradigms: i) supervised pathology multimodal large language models (MLLMs) and agents can absorb localization and reasoning into learned modules, but they often couple navigation to task-specific supervision and retraining, limiting their practicality; ii) training-free pathology agents avoid this cost by keeping core models frozen, but often follow a question-first design, constructing the initial candidate set mainly from query-conditioned relevance. This can miss decisive morphology that is not named in the question, and force heavier inference-time scaffolding. To address this challenge, we introduce PathNavigate, a training-free pathology agent built around a scan-search-readout routine. Before question matching, PathNavigate scans the current slide at low magnification with a shared online memory module over frozen pathology features, producing a slide-specific surprise field that marks an abnormal-region pool. It then applies question-conditioned PLIP relevance only within this pool to select high-magnification search targets. Finally, it extracts local high-magnification evidence and answers with a frozen perceptor-adjudicator stack, using the same online memory as slide-level context. Experiments on WSI-VQA and SlideBench-BCNB show that the proposed scan-search-readout design improves answer accuracy and yields more interpretable evidence-selection trajectories with higher efficiency.The code is available online. △ Less",2026
Goal-Conditioned Agents that Learn Everything All at Once,"A goal-conditioned reinforcement learning agent exploring an environment will see a wealth of information throughout a trajectory, most of which is discarded when only performing on-policy updates with respect to the commanded goal. All-goals learning, where each transition is used for learning off-policy with respect to every goal, allows agents to extract maximal information, however it is usual… ▽ More A goal-conditioned reinforcement learning agent exploring an environment will see a wealth of information throughout a trajectory, most of which is discarded when only performing on-policy updates with respect to the commanded goal. All-goals learning, where each transition is used for learning off-policy with respect to every goal, allows agents to extract maximal information, however it is usually computationally infeasible when done via naive relabelling. This can be overcome by jointly outputting values and actions for every goal at once, allowing for efficient, parallel all-goals updates with a single pass through the network, in a process we call Learning Everything all at Once (LEO). We show that this approach significantly outperforms other methods on goal-conditioned Craftax and is competitive with existing baselines on continuous control environments, while achieving a >250x speed-up compared to all-goals relabelling. We then go on to show that this approach can be made even more powerful by using LEO as a teacher network, rather than a direct actor. We hope that, by unlocking all-goals learning at scale, LEO can serve as a useful tool for RL practitioners in complex environments. We open source our code. △ Less",2026
RA-DCA: A Randomized Active-Set DCA for Directional Stationarity in Max-Structured DC Programs,"We study nonsmooth difference-of-convex programs whose subtracted convex term is a finite maximum of smooth convex functions. In this setting, standard DCA iterations may converge to critical points that are not directionally stationary, whereas exact active-vertex screening can be expensive when active sets are large or combinatorial. We propose RA-DCA, a vertex-first randomized active-set DCA th… ▽ More We study nonsmooth difference-of-convex programs whose subtracted convex term is a finite maximum of smooth convex functions. In this setting, standard DCA iterations may converge to critical points that are not directionally stationary, whereas exact active-vertex screening can be expensive when active sets are large or combinatorial. We propose RA-DCA, a vertex-first randomized active-set DCA that projects active gradients onto sampled directions, checks a sampled vertex residual, and uses a small linear program only as a low-residual convex-combination fallback. The method preserves the descent structure of DCA and reduces the randomized screening layer to matrix multiplications. Under the stated regularity, numerical active-set consistency, and random-embedding assumptions, every accumulation point generated by the safeguarded method is directionally stationary with probability one. MATLAB experiments first test the theorem on degenerate max-affine, max-quadratic, and sparse support-function models, where the safeguard avoids nonstationary critical points and closely tracks a full active-vertex scan. Block top-k tests then show that the same screening idea remains useful when exact aggregate enumeration is combinatorial. Trimmed-regression, complementarity, and QUBO diagnostics separate cases where active-set selection helps from cases dominated by multistart search, the DC split, or other problem-specific features. △ Less",2026
Precise: SDE-Consistent Stochastic Sampling for RL Post-Training of Flow-Matching Models,"Reinforcement learning (RL) has become an effective way to improve prompt alignment and perceptual quality in diffusion and flow-matching generators. A critical step for applying online RL to flow matching is turning the deterministic sampling trajectory into a stochastic policy, typically by replacing the reverse-time Ordinary Differential Equation (ODE) with a Stochastic Differential Equation (S… ▽ More Reinforcement learning (RL) has become an effective way to improve prompt alignment and perceptual quality in diffusion and flow-matching generators. A critical step for applying online RL to flow matching is turning the deterministic sampling trajectory into a stochastic policy, typically by replacing the reverse-time Ordinary Differential Equation (ODE) with a Stochastic Differential Equation (SDE). The stochastic sampler, controlling the exploration behavior and denoising dynamics, is thus part of the policy, and its design can significantly affect the reward optimization performance. We break down the sampler design into two interdependent components: choosing the right amount of stochastic exploration, and discretizing the resulting SDE faithfully at the small step counts used in RL. To address the first component, we analyze the inherent tension between exploration and stability in denoising and derive an SDE schedule that balances the two. Turning to the discretization challenge, we use a toy example to show that existing samplers can deviate from the flow-matching process, either by introducing excessive discretization noise or by relying on heuristic rules that do not guarantee convergence to the data distribution. To address these issues, we propose Precise, a new stochastic sampler that balances effective exploration with stability. Crucially, Precise keeps the denoising trajectory SDE-consistent through a novel approximation that freezes the clean-latent posterior mean, resolving the excess noise issue in standard samplers. Extensive experiments demonstrate that this formulation leads to significantly faster and more stable reward optimization via reinforcement learning, achieving state-of-the-art alignment scores (e.g., PickScore, HPSv2.1) while requiring 13.1-53.2% less wall-clock training time to match the best in-domain performance of prior samplers. △ Less",2026
DrawVideo: Generating Long Video from Storyboard Keyframe Sketches,"Long video generation requires high-fidelity synthesis, coherent narrative structure, and user control over extended time spans. Existing text-to-video methods often rely on a single long prompt, limiting control over pose, composition, layout, and motion. We propose DrawVideo, a sketch-guided, storyboard-driven framework for controllable long-video generation. DrawVideo decomposes long videos int… ▽ More Long video generation requires high-fidelity synthesis, coherent narrative structure, and user control over extended time spans. Existing text-to-video methods often rely on a single long prompt, limiting control over pose, composition, layout, and motion. We propose DrawVideo, a sketch-guided, storyboard-driven framework for controllable long-video generation. DrawVideo decomposes long videos into independently controllable shots, each defined by a black-and-white sketch, an appearance prompt, and a motion prompt. The sketch controls pose and layout, the appearance prompt defines identity, scene, and style, and the motion prompt guides temporal dynamics. DrawVideo follows a hierarchical 'global multi-shot, local single-sketch' strategy: it first generates a structure-aligned reference keyframe, then expands the motion prompt into derivative keyframes representing action states, and finally synthesizes clips between adjacent keyframes to build each shot. We also introduce SketchLongVideo, the first dataset for sketch-guided text-to-long-video generation, constructed from animation videos via shot detection, keyframe extraction, vision-language recognition, prompt decomposition, and sketch conversion. Experiments show that DrawVideo achieves strong structural controllability, appearance consistency, visual stability, and coherent long-video generation. △ Less",2026
